{"accuracy": [0.29364344477653503, 0.522424042224884, 0.6230540871620178, 0.689862847328186, 0.7326723337173462, 0.7797442674636841, 0.8112490773200989, 0.8413639664649963, 0.8690696954727173, 0.8857486844062805, 0.8998332023620605, 0.9179947972297668, 0.9244810938835144, 0.9307820796966553, 0.9511675238609314, 0.94820237159729, 0.9573758244514465, 0.960711658000946, 0.9653447270393372, 0.9704410433769226, 0.9711823463439941, 0.970719039440155, 0.9734988808631897, 0.9747961163520813, 0.9814677834510803, 0.975908100605011, 0.9856374859809875, 0.9838769435882568, 0.9761860370635986, 0.9884173274040222], "loss": [1.9007800817489624, 1.3521403074264526, 1.0724666118621826, 0.8949666619300842, 0.7791536450386047, 0.6489722728729248, 0.5540408492088318, 0.4666290283203125, 0.39167097210884094, 0.3382568955421448, 0.2877819240093231, 0.24261291325092316, 0.21815745532512665, 0.2069333791732788, 0.14812293648719788, 0.1531440168619156, 0.1223713681101799, 0.1162915825843811, 0.11418022960424423, 0.0891735851764679, 0.08578608930110931, 0.08787449449300766, 0.07933972775936127, 0.07627948373556137, 0.053545981645584106, 0.07020826637744904, 0.04533202946186066, 0.04889507591724396, 0.07182477414608002, 0.04018208384513855], "val_accuracy": [0.4577464759349823, 0.6048924922943115, 0.6171237826347351, 0.7134914994239807, 0.7498146891593933, 0.7590808272361755, 0.7653817534446716, 0.8209785223007202, 0.8372868895530701, 0.8613787889480591, 0.8621200919151306, 0.8706449270248413, 0.88176429271698, 0.8858413696289062, 0.8450704216957092, 0.8873239159584045, 0.891771674156189, 0.8921423554420471, 0.9062268137931824, 0.8895478248596191, 0.9080800414085388, 0.8851000666618347, 0.9110451936721802, 0.9043735861778259, 0.8943662047386169, 0.908450722694397, 0.9069681167602539, 0.9025203585624695, 0.9117864966392517, 0.929948091506958], "val_loss": [1.5343689918518066, 1.1174792051315308, 1.094696283340454, 0.8327678442001343, 0.7284478545188904, 0.6725361943244934, 0.6627407670021057, 0.5239238142967224, 0.478527307510376, 0.4045136570930481, 0.41047435998916626, 0.3934842348098755, 0.37653449177742004, 0.33111998438835144, 0.5242447257041931, 0.3619014024734497, 0.3842906057834625, 0.3440098762512207, 0.29690873622894287, 0.3844062089920044, 0.30975836515426636, 0.3706872761249542, 0.30493587255477905, 0.3440230190753937, 0.3845016658306122, 0.29945358633995056, 0.34629201889038086, 0.34887152910232544, 0.35889407992362976, 0.25147944688796997]}